actual,probability_subscribed,predicted_at_0.35
0,0.2740400561908941,0
1,0.6763757220022866,1
0,0.7339669939633781,1
0,0.5105413991086027,1
0,0.15417915436575189,0
0,0.879295351614852,1
0,0.14525329620222296,0
0,0.2566690461619404,0
0,0.3133371539844388,0
0,0.5003226093665342,1
0,0.5856991334330356,1
0,0.25697539704981376,0
0,0.4415085666915905,1
0,0.3427076102478436,0
0,0.361285554042931,1
0,0.2850051882061495,0
1,0.5430930957659988,1
0,0.27875811039607484,0
0,0.05999281085422114,0
1,0.8457373223305368,1
0,0.06329860105320877,0
0,0.4701559124458603,1
0,0.3292051672627166,0
0,0.15807898853075197,0
0,0.1556810023106909,0
0,0.2793669440539501,0
0,0.4198670249900943,1
0,0.33072012059666456,0
0,0.20215185907511693,0
0,0.16864251004072728,0
0,0.19329011487994704,0
0,0.1915407105725189,0
0,0.07740764363363897,0
0,0.1838663955687069,0
0,0.10870964913568665,0
0,0.19951380078144645,0
0,0.3612152530952664,1
0,0.2361256737472816,0
0,0.3107971168481193,0
0,0.08079724656745309,0
0,0.9988840257106306,1
0,0.13297627392674094,0
0,0.09331373857006016,0
1,0.3080642382833798,0
1,0.6964195651880457,1
1,0.5435094789421456,1
0,0.14096308069993202,0
1,0.8979882060067113,1
0,0.30349918063643705,0
0,0.30378468018621513,0
0,0.16464720079621967,0
0,0.12449539517971692,0
0,0.9980363639919444,1
0,0.05797614595314962,0
0,0.3713931092244427,1
0,0.09066198313680239,0
0,0.43625457699563674,1
0,0.3106551995754594,0
1,0.9870254946020544,1
0,0.13201362803690125,0
0,0.22262239132528908,0
0,0.18915466647451357,0
0,0.34058233450187875,0
0,0.14769406354203407,0
0,0.46711655238262784,1
0,0.27176907652808946,0
0,0.8943471475029146,1
0,0.11859161800142684,0
0,0.3128514534598358,0
0,0.4529484004612975,1
1,0.5588863661727634,1
0,0.2529627397230821,0
0,0.12880228604615201,0
0,0.3585057232417855,1
0,0.47185851335821344,1
0,0.1556999276964978,0
1,0.6904792283226221,1
0,0.21893129815718787,0
0,0.1823463385753239,0
0,0.27397461876286905,0
0,0.21915598558614638,0
0,0.3465169451938466,0
0,0.2025975360986979,0
0,0.9883530319066288,1
0,0.21369291462795703,0
0,0.22315845289186256,0
0,0.4836526004779615,1
1,0.9802022390100119,1
0,0.2611112071258434,0
0,0.1142321026811059,0
0,0.09511251903876498,0
0,0.7332728074353142,1
0,0.29019642453303046,0
0,0.17994928806022314,0
0,0.269918708570127,0
1,0.9209064408614679,1
0,0.2751447619636664,0
0,0.16784058725061837,0
0,0.31330717971772626,0
0,0.8225605472962378,1
0,0.28936729092851654,0
0,0.7461364716448664,1
0,0.21935562066115985,0
0,0.21517891007857542,0
0,0.17704725221158757,0
0,0.6323845387301045,1
0,0.3987150583803254,1
0,0.15776233158212355,0
0,0.41819853443679517,1
1,0.9903851598085716,1
0,0.3266268826754712,0
1,0.12000769455291437,0
0,0.2678507194617453,0
0,0.8523858888544046,1
0,0.05010966295828537,0
1,0.9023720436746454,1
0,0.760002108287173,1
0,0.20707100382436286,0
0,0.054361634881744086,0
0,0.26707806729724987,0
0,0.4591098595191644,1
0,0.2325548513648384,0
0,0.2795017199887723,0
1,0.9975884888962452,1
0,0.4585368504658246,1
0,0.6836433604285845,1
0,0.21139026096886882,0
0,0.4716572130342271,1
1,0.9863187536604813,1
0,0.11964061532010854,0
0,0.7138691258196418,1
0,0.14707424579968387,0
0,0.40099677795316246,1
0,0.03961019130275925,0
0,0.11913594279750209,0
0,0.7289317852469102,1
0,0.10770590454635252,0
0,0.3821641934460423,1
0,0.969068630531322,1
0,0.5353210719188708,1
0,0.23329406437982123,0
0,0.7152230333881244,1
0,0.25185340887972385,0
0,0.1450382585434322,0
0,0.5752862170356277,1
0,0.024756899567976956,0
0,0.4104869892532782,1
0,0.1642354259457512,0
0,0.2043779858803409,0
0,0.0690543593012355,0
0,0.1721377757835887,0
0,0.24445172412350982,0
1,0.5016108752923336,1
0,0.6208712894404905,1
0,0.3051996644619017,0
0,0.08304347090725234,0
0,0.2562579007722771,0
0,0.19310780364831603,0
0,0.19982726307300772,0
0,0.40616091432465107,1
0,0.1826012668426255,0
0,0.04956449293014206,0
0,0.39621325102081534,1
0,0.12991014666960923,0
0,0.11839424105804076,0
1,0.11377073810839831,0
0,0.2974812193390056,0
0,0.11384320555400014,0
0,0.6783288198125319,1
0,0.2510235775299424,0
0,0.0974429317223657,0
1,0.24739965792751373,0
0,0.43552939930134627,1
0,0.3577334000382105,1
0,0.21079578803603002,0
0,0.9996914936408389,1
0,0.1536173708456475,0
0,0.21242728892716714,0
0,0.2790671748158893,0
0,0.3110325667962366,0
0,0.1978466403413547,0
0,0.0802989430271785,0
0,0.22640822511775074,0
0,0.17057072282989683,0
0,0.09085988381023011,0
1,0.24479013263071128,0
0,0.1571358037011454,0
0,0.3256936728763272,0
0,0.8030897888715272,1
0,0.6744935904161043,1
1,0.9628526301466847,1
0,0.2622757565280359,0
0,0.23266865366573022,0
0,0.12064819634130945,0
0,0.058649808235644516,0
0,0.14172336056559606,0
0,0.3602616234347504,1
0,0.2024024451397682,0
0,0.7592456314302417,1
0,0.8978632287007621,1
0,0.9852226370383977,1
1,0.4044411590949771,1
0,0.11881913923416958,0
0,0.24605591431268142,0
0,0.8649567814012733,1
0,0.25394474392702143,0
0,0.18283996873887265,0
0,0.2752082740343971,0
0,0.8870644873110873,1
0,0.22343005022836207,0
1,0.999140528933123,1
0,0.15695056146940772,0
0,0.14380381159036482,0
0,0.2662152834084672,0
0,0.8366444201548667,1
1,0.48234851543476226,1
0,0.2744197101612935,0
0,0.4505909077135139,1
0,0.17297575226001138,0
0,0.17093697055226326,0
0,0.20767028140560287,0
0,0.8706279319359298,1
0,0.22016275156708312,0
0,0.13640254718471187,0
0,0.16096505438793604,0
0,0.06641019285871073,0
0,0.22768846366364806,0
0,0.2813024823597133,0
0,0.7397823329927149,1
1,0.42669795870622484,1
0,0.32668663679134324,0
0,0.75004802181101,1
0,0.21516100636942792,0
0,0.693061194979228,1
0,0.8022167859911891,1
0,0.28029221718095315,0
0,0.14441224788141427,0
0,0.11517731964908161,0
0,0.0836789196132538,0
0,0.16965147899210112,0
0,0.9966879459247304,1
0,0.1067391163892877,0
0,0.06543732438977629,0
0,0.1828827414455241,0
0,0.254085335861964,0
0,0.1869046695066493,0
0,0.4507069128271983,1
0,0.4549854804417651,1
0,0.14513675376904345,0
0,0.19194720015017638,0
0,0.08926543635350166,0
0,0.1397716920805705,0
0,0.15777020365365144,0
0,0.5867022092150009,1
1,0.9873725830589181,1
0,0.16620641205094833,0
0,0.5131050852155126,1
0,0.05231245047989784,0
0,0.10311098714790772,0
0,0.669519154731229,1
0,0.04884130007183805,0
0,0.18670911471665683,0
0,0.027898306790360893,0
0,0.014923918399146776,0
0,0.42897301254425774,1
0,0.6813430422964066,1
0,0.03244156028429054,0
0,0.2600933458143441,0
0,0.21577395950242437,0
0,0.1133682505946863,0
0,0.051894357358798736,0
0,0.19516018232501564,0
0,0.13278933781445282,0
0,0.19855229332595734,0
0,0.9358060840911884,1
0,0.9236001338968471,1
0,0.3374906802289419,0
0,0.26794454541919116,0
0,0.5252104485912796,1
1,0.5281822421958147,1
0,0.430667739772884,1
0,0.1701563259472736,0
0,0.26250505157397463,0
0,0.19789671959346353,0
0,0.3788348564170207,1
0,0.20736115502256977,0
0,0.19685666716756806,0
0,0.2826820002210073,0
0,0.2385918558506682,0
0,0.08270896141791716,0
0,0.2909621349285803,0
0,0.25951266827618,0
1,0.7864487451412456,1
0,0.11583004151185979,0
0,0.2738639086817866,0
0,0.10120717497779905,0
0,0.10577044327083598,0
0,0.2674088907571722,0
0,0.23110024357960524,0
0,0.099313478086941,0
1,0.3290344886944221,0
0,0.1842777657003673,0
0,0.7356172006004177,1
0,0.15554765753110622,0
1,0.7553722739708798,1
0,0.20244094960668224,0
0,0.24561780259680172,0
1,0.5193846770163987,1
0,0.28738627809772876,0
0,0.07824995169242663,0
0,0.34225812919503656,0
0,0.17028268956979173,0
0,0.2357111974069149,0
0,0.16387781205851584,0
0,0.09342945197287354,0
0,0.18188783583700024,0
0,0.22812700499258248,0
0,0.14335259492479577,0
1,0.7862441283053635,1
0,0.12123896569465809,0
0,0.11324449867450338,0
0,0.14356392415772373,0
0,0.35836012164461306,1
0,0.04171196022895239,0
0,0.2606713726566259,0
1,0.9283639643078156,1
0,0.3541188932764154,1
0,0.4688093931210541,1
0,0.09537018826573052,0
0,0.9308245630154097,1
0,0.2065799854881182,0
0,0.2093807098116606,0
0,0.17322180063030743,0
0,0.08998703627586636,0
0,0.48890145133275165,1
1,0.7169509550578509,1
0,0.24028520489520608,0
0,0.1368026654715295,0
0,0.08342474582773461,0
0,0.41789861135464107,1
0,0.024592231626890473,0
0,0.1586650033411737,0
0,0.2183269728702576,0
0,0.22178569309138876,0
0,0.17862252091752814,0
0,0.13782347325101052,0
0,0.2493431197901079,0
1,0.7549814786469928,1
0,0.16744673404180116,0
1,0.8900179979951875,1
0,0.2016585896651896,0
0,0.17442135116787813,0
0,0.18548701500854764,0
0,0.14203220187842727,0
0,0.1219162603181276,0
0,0.16103531001932556,0
1,0.8233677772734027,1
0,0.122456211385946,0
0,0.38955459108800816,1
0,0.7135251643277913,1
0,0.8168687205883111,1
0,0.16206876793916644,0
0,0.2621588915305099,0
0,0.11686164382846703,0
0,0.4454001182123013,1
0,0.7283257714531777,1
0,0.20223074682178532,0
0,0.19666072273353463,0
0,0.22320982135201012,0
0,0.8863030885280186,1
0,0.04123801018901201,0
0,0.6171139772463559,1
0,0.22652452377542473,0
0,0.08120601885456136,0
0,0.8063006582062866,1
1,0.3236895333210555,0
0,0.1332048797104585,0
0,0.26051193005816414,0
0,0.15059773576602498,0
0,0.13296026606569486,0
0,0.01403435988620333,0
0,0.26280313890506685,0
0,0.5581487061738499,1
0,0.19271724044933267,0
0,0.13938571870840383,0
0,0.4420315936638548,1
0,0.30023301558789384,0
0,0.4300297583708321,1
0,0.7564743508022312,1
0,0.5204689864861146,1
0,0.3766260396545918,1
0,0.16005045259242873,0
0,0.8620437137318755,1
0,0.2842486011428689,0
0,0.9217362419386367,1
0,0.23188745668602562,0
0,0.8595571089414457,1
0,0.12391129614932571,0
0,0.0713167901046696,0
0,0.07491587795424601,0
0,0.4752641467365944,1
0,0.12824756398443257,0
0,0.350987523901574,1
0,0.4742261800606397,1
1,0.8434222268219098,1
0,0.39378595933421545,1
0,0.8853308095686785,1
0,0.5417282584393657,1
0,0.2701916598999815,0
0,0.14428727794538082,0
0,0.1873082045962806,0
1,0.12781557588859163,0
0,0.3467506169150451,0
0,0.6153295579295168,1
0,0.5971957670294568,1
1,0.7837122048002887,1
0,0.25440049382645685,0
0,0.23209373272631964,0
0,0.318902226892098,0
0,0.05103243739376132,0
0,0.35108965900485145,1
1,0.2921861471129619,0
0,0.18813116221001147,0
0,0.5575327504468146,1
0,0.8925882651769036,1
0,0.5775021356929483,1
0,0.23684783401923012,0
0,0.10553290559739971,0
0,0.18510130168066247,0
0,0.002921015077922204,0
0,0.5162129087869214,1
0,0.8038327540455669,1
1,0.97851331734732,1
0,0.21974584970544012,0
0,0.10979978257270757,0
1,0.5083528596749326,1
0,0.568315354251973,1
0,0.1930368749359968,0
0,0.08527499501146411,0
0,0.21238373750645448,0
0,0.22151474101273094,0
0,0.1544634521323416,0
0,0.3321584430480966,0
0,0.1804352096972383,0
0,0.6478299191601501,1
1,0.9092958948617393,1
0,0.2090524971414958,0
1,0.8823092424516294,1
0,0.3044729679262648,0
0,0.31173502813964404,0
0,0.21533982398308954,0
0,0.1367567479289055,0
0,0.9722231966736626,1
0,0.17803366588532707,0
0,0.2362638927990192,0
0,0.41474776572776534,1
0,0.7257212216445525,1
0,0.06500250637097087,0
0,0.1334857713730449,0
0,0.22036008887423236,0
0,0.35626554343668343,1
0,0.15717497540589076,0
0,0.13189062192920833,0
1,0.9870342096119797,1
1,0.9757750807476027,1
0,0.12084695087201341,0
0,0.05254357936542631,0
0,0.9473105034319256,1
0,0.40989323360644087,1
0,0.08947180238714544,0
1,0.9730474891557122,1
0,0.7695155531838439,1
0,0.0648463632140457,0
0,0.2052192342669189,0
0,0.08559837810145442,0
0,0.1119126770423542,0
0,0.2557710914925261,0
0,0.8066555147083743,1
0,0.2617524144972892,0
0,0.5703254758696408,1
0,0.321768756145051,0
0,0.4521396323269335,1
0,0.08096833687527424,0
0,0.34578907068425513,0
0,0.17622001888248345,0
0,0.29814374664185916,0
0,0.179079565810554,0
0,0.6083294097418539,1
0,0.30939372267266796,0
0,0.22797192116455867,0
0,0.16124485703460104,0
0,0.3595368897388285,1
0,0.1935660551277772,0
0,0.05778915550737809,0
1,0.9995258939365096,1
0,0.300190874359221,0
0,0.32542212147445565,0
1,0.7380086076586448,1
1,0.883031557377316,1
0,0.41508499185027503,1
0,0.1596084151313461,0
0,0.3094829161910224,0
0,0.08794874701967131,0
0,0.45980303756630797,1
0,0.12875593481980857,0
0,0.7075493901233768,1
0,0.7869701203612534,1
0,0.4253561641559027,1
0,0.3650430476240832,1
0,0.08718571804318058,0
0,0.10443949380032808,0
0,0.12753490778198184,0
0,0.3654340606851236,1
0,0.17246741841350852,0
1,0.8542282540804588,1
0,0.12647983888599815,0
0,0.21699259149141523,0
0,0.4042239964826753,1
0,0.3818724257579117,1
0,0.8966672984578339,1
1,0.3210460662955187,0
1,0.4965091378888636,1
0,0.30148356255649056,0
0,0.731329751884503,1
0,0.08650814145849542,0
0,0.23674062892666556,0
0,0.36890657431412194,1
0,0.3629039887323491,1
0,0.4746979631058701,1
1,0.35000193344424657,1
0,0.5071352528161645,1
1,0.985793692160477,1
0,0.33795142986621496,0
0,0.18606727106671975,0
0,0.32956538153969606,0
0,0.0726981122719626,0
1,0.23402626204547258,0
0,0.7691867069913824,1
0,0.1939629575759633,0
0,0.504333897849564,1
0,0.1339230358041167,0
1,0.9286016164666417,1
0,0.43747093946231974,1
0,0.18282265409704598,0
0,0.18402024648255244,0
0,0.149440358827966,0
0,0.1806577077185706,0
0,0.5355183508683858,1
1,0.8752298456703866,1
0,0.21871002027637734,0
0,0.3705005636446571,1
0,0.1492716646097556,0
0,0.10188301472131024,0
0,0.284612209395785,0
0,0.33309290670174374,0
0,0.8451945451414093,1
1,0.15994808625266385,0
0,0.26804929413774603,0
0,0.18747987626378335,0
0,0.2046661016215092,0
0,0.4747238557554183,1
0,0.3673426167337376,1
0,0.17950989928482208,0
0,0.24101197865278626,0
0,0.277747313582169,0
0,0.27092170398175397,0
0,0.3855578907240209,1
0,0.021189165671243244,0
0,0.06117236200037243,0
0,0.16006792555696345,0
0,0.2232170230832598,0
0,0.14459623780906108,0
1,0.5481603392147661,1
0,0.22275189281996557,0
0,0.46785720339353615,1
0,0.28925570828184555,0
0,0.8979841928812804,1
0,0.224361228952427,0
1,0.8860488951702226,1
0,0.9939984546621098,1
0,0.08480455791412547,0
0,0.41758131727629944,1
0,0.29958401991376027,0
0,0.04268604543357715,0
0,0.0684037247375468,0
1,0.8248171593312538,1
0,0.9043881589603096,1
0,0.15077099070202965,0
0,0.39241054526133745,1
0,0.23632874713276236,0
0,0.1039394114793999,0
1,0.49297527930059,1
0,0.23903648958735027,0
1,0.8621556479532939,1
0,0.10459765838229507,0
1,0.976121757840722,1
0,0.09509250795270625,0
0,0.9861031465939658,1
0,0.3047663928735481,0
0,0.25461237948386745,0
0,0.580130489925852,1
0,0.1032680520036167,0
1,0.9275207160975635,1
0,0.5104968251555878,1
0,0.3638631221898061,1
0,0.1340608536893823,0
0,0.24567467767075793,0
0,0.6497534219190507,1
0,0.2427352150797604,0
0,0.20129475863295407,0
1,0.8158105959276645,1
0,0.16148998078868806,0
0,0.3520594320856796,1
1,0.5063065812163571,1
0,0.3233823162798736,0
0,0.3829590025425141,1
0,0.13292379444748528,0
0,0.05047615742956101,0
0,0.49801663144710706,1
0,0.12476095704087288,0
0,0.6718498253658527,1
0,0.09721416204378375,0
0,0.5800038645668021,1
0,0.11426465090455916,0
0,0.08005464266610883,0
0,0.13128440031628533,0
0,0.2130753436525021,0
0,0.27874630198447503,0
0,0.14366750784322152,0
0,0.4234357266747827,1
0,0.15225773318076638,0
0,0.46972077436659154,1
0,0.722158887795966,1
0,0.16487715049191484,0
0,0.45532662233957644,1
0,0.2222848298751425,0
0,0.6830225606600198,1
0,0.010085437249837344,0
1,0.7565108779467201,1
0,0.6255426151282181,1
1,0.5660306620883145,1
0,0.5176577156544666,1
0,0.20725153902404078,0
0,0.3035438985541818,0
1,0.9934536872859793,1
0,0.4269265574975999,1
0,0.15898106393262612,0
0,0.07946869260078324,0
0,0.09469974991940908,0
0,0.6452922375458008,1
0,0.25818695398838915,0
0,0.06210727066194139,0
0,0.30487711987779903,0
0,0.17518803834825836,0
0,0.08686906479571455,0
0,0.688675148997342,1
0,0.18624752105729736,0
0,0.13125581262759745,0
0,0.09808425899835624,0
0,0.09629331990046004,0
0,0.2803401785757399,0
0,0.2832346374467182,0
0,0.11652242356071046,0
0,0.2508868025492271,0
0,0.16301213406396814,0
0,0.1727280422928204,0
1,0.9005667249805858,1
0,0.20046362441070123,0
1,0.8777542514019889,1
0,0.03058960054378665,0
0,0.15807208071254986,0
0,0.2620057766289701,0
0,0.2354009569509085,0
0,0.25411592676986244,0
0,0.1805124655313593,0
0,0.6403667491454159,1
0,0.4014471886743545,1
1,0.22898805467203057,0
0,0.08804629155251929,0
1,0.4148895046732373,1
0,0.11701957329218401,0
0,0.35946314962674486,1
0,0.06483091770997257,0
0,0.18821313105609805,0
0,0.1293153621318073,0
0,0.195025467897565,0
0,0.37865900724333873,1
0,0.09763034474416273,0
1,0.966588620509292,1
0,0.13363614837283794,0
0,0.0948160765498635,0
0,0.4360028550271393,1
1,0.4263444239872543,1
0,0.31099398469176137,0
0,0.13965900638421783,0
0,0.22632086185913905,0
0,0.2707601147578832,0
1,0.6731468659916607,1
0,0.22931329107738332,0
0,0.8675245251372269,1
0,0.2937439576070852,0
0,0.13905206252312785,0
0,0.32233225187906545,0
0,0.14205864418745123,0
0,0.08332398123321216,0
0,0.33472100018613204,0
0,0.9012656425134526,1
0,0.09866984160838074,0
0,0.7160318038770175,1
0,0.27111197189150554,0
0,0.3484687808071154,0
0,0.05216083980686036,0
0,0.12747415077848195,0
0,0.19020903002480188,0
0,0.8635421480616958,1
0,0.3017591447470178,0
0,0.34302751765079104,0
0,0.4178539586780531,1
0,0.13439377459021914,0
0,0.05708592698751086,0
0,0.3948939566261258,1
0,0.1707156504667806,0
0,0.2972117261964925,0
0,0.05687035967728881,0
0,0.19826605619295828,0
0,0.014145636114716207,0
0,0.1638987019975953,0
0,0.1768081509899835,0
1,0.9058034505560855,1
0,0.201844033186912,0
0,0.7631909619703314,1
0,0.39929532588184236,1
0,0.11296169217816822,0
0,0.13765776831153653,0
0,0.5886142315235252,1
0,0.08770424976653916,0
0,0.14671776822432292,0
0,0.4484600360223279,1
0,0.2784589695703344,0
0,0.07425674364072607,0
0,0.17770861824971118,0
0,0.3836194890046844,1
1,0.3334367254922329,0
0,0.5853643002863896,1
0,0.15415358921060204,0
0,0.2874269729511309,0
1,0.9975232984408128,1
0,0.19703817906951634,0
0,0.07026716297040089,0
0,0.9533212708765944,1
0,0.425744788644131,1
1,0.6872585329270746,1
0,0.05216927509361643,0
1,0.317009418097624,0
0,0.20925441522794,0
0,0.12172475335455452,0
0,0.07423284066370171,0
1,0.9679015794570146,1
0,0.07144658548069158,0
0,0.6485732249067422,1
0,0.29894605863117846,0
0,0.14278317378802463,0
0,0.8327756243996258,1
0,0.15951283953151,0
0,0.08884222174210783,0
0,0.22153115866230136,0
0,0.13158639950192078,0
0,0.22707638835606025,0
0,0.1881660245073083,0
0,0.7425345851550209,1
0,0.3898006610928842,1
0,0.19374306437289132,0
1,0.9643937558937339,1
1,0.9219825417286353,1
0,0.13354973688669197,0
0,0.1866674210806986,0
0,0.23200802600422663,0
0,0.17769896558683332,0
0,0.11451040486736308,0
0,0.07950433776076413,0
0,0.9264309245692899,1
0,0.07201035792008069,0
0,0.3557578018342016,1
0,0.19425379110764857,0
0,0.09979629266355428,0
0,0.18404642881831618,0
0,0.46154433936384065,1
1,0.19988394267852153,0
0,0.5194139735535707,1
0,0.16538303661934914,0
0,0.1619977268292624,0
0,0.7631284886544163,1
0,0.3858457653431709,1
0,0.7299800996032907,1
0,0.20745747988813168,0
0,0.12169912554158889,0
0,0.26064252493015466,0
0,0.16327029606298135,0
1,0.8919586146595793,1
1,0.5097085353863795,1
0,0.16067846509998954,0
0,0.3359881801540716,0
0,0.13502065738926353,0
0,0.01762594433681552,0
1,0.9912675426560539,1
0,0.1846679079377204,0
0,0.17271437458236547,0
0,0.5071860161427489,1
1,0.6722514519382736,1
0,0.3114152075610093,0
1,0.9725913608768546,1
0,0.9317237490180096,1
0,0.2029546073577453,0
0,0.17568066217059186,0
1,0.9462237997947891,1
0,0.27126971213847123,0
0,0.3835417790854317,1
0,0.11872260056224364,0
0,0.058290992708303214,0
0,0.31301790862521334,0
0,0.7935665131030922,1
0,0.14497171205877893,0
0,0.15981699511791594,0
0,0.32339641961635773,0
1,0.9894937229351893,1
0,0.7863488288569942,1
0,0.0931292453431968,0
0,0.28963753638260376,0
0,0.5424577748941953,1
0,0.25694307127989147,0
0,0.4954527275085476,1
0,0.1794268334459254,0
0,0.35938536014576744,1
0,0.17707360305697073,0
0,0.044292995664190066,0
0,0.17156855642316055,0
0,0.06007100967035175,0
0,0.650326169814932,1
0,0.11662767926526175,0
0,0.204889233236393,0
0,0.8119104484706987,1
0,0.12103763674272362,0
0,0.4688704277621388,1
0,0.13762363906057562,0
0,0.27703251969385484,0
0,0.0955041902434842,0
0,0.19236728603802597,0
0,0.20982534666981045,0
0,0.2034928582256682,0
0,0.48955269281160707,1
0,0.198851336584796,0
0,0.22025710662430784,0
0,0.16663310262917147,0
0,0.7657804193382064,1
0,0.09401978170870555,0
0,0.353387862779225,1
0,0.09518581061828232,0
1,0.4713387999351654,1
0,0.23435921790081454,0
0,0.5132262603753455,1
0,0.8968683979760066,1
0,0.20181330251741408,0
0,0.20124471342382366,0
0,0.45963756070943135,1
1,0.8523881823094661,1
0,0.17883979221503019,0
0,0.44217295716335525,1
0,0.09481912161199561,0
0,0.19780782704040528,0
0,0.27303689436404416,0
0,0.3037135728177989,0
0,0.044856481702308236,0
0,0.15692776831038763,0
0,0.20593747902087697,0
0,0.7144876221650296,1
1,0.19162956464097453,0
0,0.7048577362164663,1
0,0.25460596620073916,0
1,0.827440966380032,1
0,0.18782637091949125,0
1,0.855731694530758,1
0,0.14207232568670622,0
0,0.18111531793650365,0
1,0.25805731822487993,0
0,0.2951992173914663,0
0,0.10787388577786643,0
0,0.03281360873013459,0
0,0.2488663334185878,0
0,0.7519320218272284,1
0,0.2085299734255724,0
0,0.17586987892563105,0
0,0.30563827921737813,0
0,0.12468631019346811,0
0,0.3653998708668463,1
0,0.4482050123854255,1
0,0.03959839088891329,0
0,0.9684321528949728,1
0,0.33314172240587275,0
1,0.27588113638300965,0
0,0.8735048998184999,1
0,0.45175364885237684,1
0,0.7987093455684193,1
0,0.3537574520866903,1
0,0.020061981403909697,0
0,0.14077255213111944,0
0,0.25832294707402853,0
0,0.22071765752133335,0
0,0.8625869254693416,1
0,0.6010691914260129,1
0,0.2961105590621098,0
0,0.1784847221631259,0
0,0.11332437853248331,0
0,0.09279242384505763,0
0,0.2840312428505191,0
0,0.10711782822960564,0
0,0.20533585083579642,0
0,0.650082942449948,1
0,0.28162104100723806,0
0,0.291971030581247,0
0,0.24552992076282149,0
0,0.987635274069835,1
0,0.21064710220346955,0
0,0.10849009960879423,0
0,0.15882483373565665,0
0,0.16059426343919814,0
0,0.28737854384714207,0
0,0.5400417363340544,1
0,0.7833723214017477,1
0,0.2093835322137918,0
0,0.7111649131274485,1
0,0.06491821939755829,0
0,0.10551192276726819,0
0,0.6246592371548422,1
0,0.09141021524956702,0
0,0.2712491813259251,0
1,0.6949947464496091,1
0,0.09518789221154247,0
1,0.9465474624362864,1
0,0.14559051185191474,0
0,0.3392719121649984,0
0,0.19819065245493353,0
0,0.32951879892359504,0
0,0.11371075666840572,0
0,0.20525453611621666,0
0,0.14981246772585083,0
1,0.7082110116127978,1
0,0.5319940737691164,1
0,0.34547685990091165,0
0,0.1913241735650341,0
0,0.3315724267401951,0
0,0.3163942448853505,0
0,0.332489571754381,0
1,0.5780652503454079,1
1,0.7996311765135544,1
0,0.23052755876973813,0
0,0.27951255133025127,0
0,0.20984977788173625,0
0,0.2472071254211155,0
0,0.07178347270792389,0
0,0.4419859244678511,1
0,0.24834490294010406,0
0,0.17561988169315312,0
0,0.10017355150917366,0
0,0.09988893676348738,0
0,0.1628035618035313,0
0,0.40661944542691164,1
1,0.7585955315063119,1
0,0.4973037001491998,1
0,0.39473228259712156,1
1,0.21341030449438686,0
0,0.11014636160685858,0
0,0.06702910145644307,0
0,0.1393884747407682,0
0,0.1832192772664699,0
0,0.1605953295576483,0
0,0.1110021360503385,0
0,0.4265728586478974,1
0,0.346695780708177,0
0,0.14141010846147078,0
0,0.8461773943412207,1
0,0.16121940114482777,0
0,0.4713808193115898,1
0,0.9975737195289909,1
0,0.15979674025923127,0
0,0.03881589607157069,0
0,0.2429710866139411,0
0,0.48965484503551276,1
0,0.10830307164307681,0
0,0.19651422234755628,0
0,0.09401099454412565,0
0,0.14325691922823003,0
0,0.5492810566736529,1
1,0.8947499383706358,1
0,0.0748382747114092,0
0,0.1645784418152645,0
0,0.06834883085584759,0
0,0.13355388711419178,0
0,0.06994794399832176,0
0,0.20177569393236786,00,0.29828388324509075,0
0,0.3789541616893442,1
0,0.28337576365745026,0
0,0.2649887341104261,0
0,0.22363793835906062,0
1,0.7775821072960293,1
0,0.28254184031416957,0
0,0.1768864243070411,0
1,0.29443692731824445,0
1,0.6327851666959878,1
0,0.11736976603452481,0
0,0.10945666702678065,0
0,0.2733773569097534,0
0,0.06177465025642734,0
1,0.5611466951983987,1
1,0.5796736622247444,1
0,0.26558685591117076,0
1,0.771264315702455,1
0,0.08997492856071039,0
0,0.1714282206429335,0
0,0.15819758202641515,0
0,0.15199103871332134,0
0,0.1959231816633407,0
0,0.20526310680955084,0
0,0.2668976675062816,0
0,0.11838400036879466,0
0,0.32671821406448315,0
0,0.15909138151908694,0
0,0.349130793499891,0
0,0.09728577174361537,0
0,0.11109676335417575,0
0,0.39530225927236023,1
0,0.11423538685905822,0
0,0.3577742435055509,1
0,0.3370272546550305,0
1,0.9583994255360728,1
0,0.16733384577743957,0
0,0.2852361399860642,0
0,0.2722694811040514,0
0,0.31614570933402464,0
0,0.29349529375759936,0
0,0.19234161923369467,0
0,0.20687043218863987,0
0,0.7045134812348222,1
1,0.8888450656882431,1
0,0.1326829365460218,0
0,0.29104593581305743,0
0,0.7002881598922681,1
0,0.12996461458617836,0
0,0.30027766594488026,0
0,0.14396863316830724,0
1,0.13771884522931935,0
0,0.10191009080480386,0
0,0.5128699732071285,1
0,0.8981021326405177,1
0,0.2166429469780009,0
0,0.554888660954954,1
0,0.2671811146513345,0
0,0.0845234428696125,0
0,0.1520581482629912,0
0,0.9346857755810826,1
0,0.1455393706050743,0
0,0.15903510187027697,0
0,0.7711402632889671,1
0,0.2590061356122853,0
0,0.22582296728936685,0
0,0.24490291139183817,0
0,0.5640607129468532,1
0,0.2551246102844747,0
0,0.19922784395836513,0
0,0.673537620241196,1
1,0.7235616635621387,1
0,0.10402318980779206,0
0,0.23047793780003914,0
0,0.13145721350613745,0
0,0.9974109901550953,1
0,0.3108628454423186,0
0,0.3007822071718979,0
1,0.689486391376378,1
0,0.939041991839297,1
0,0.3130215607462194,0
0,0.25543886384949926,0
0,0.09873076218274686,0
0,0.27111027275107613,0
0,0.09357165392243771,0
0,0.25476199144131473,0
0,0.31738998479520114,0
0,0.4704995059099616,1
0,0.8198852838331235,1
0,0.15777661047859948,0
0,0.526781910076801,1
0,0.3025520116091322,0
0,0.43198899700920634,1
0,0.3220591592375099,0
0,0.9468572745702881,1
0,0.340168260488405,0
0,0.3851645578939014,1
0,0.1988792815193287,0
0,0.1909362263049141,0
0,0.6617913369540093,1
0,0.26250775731185644,0
0,0.8375899383289792,1
1,0.8813936470896517,1
0,0.13182667469369255,0
0,0.3261531987666008,0
1,0.875066354153109,1
0,0.8824080038295863,1
1,0.42228051616332224,1
1,0.44121705152824864,1
0,0.4723036481818481,1
0,0.47594477044959294,1
1,0.39281779460767535,1
0,0.17679177246105746,0
0,0.7660216817412566,1
0,0.7081662001186244,1
0,0.16244593520935866,0
0,0.12283813407857187,0
1,0.9460416248935967,1
0,0.10701187150116773,0
0,0.24844873079703678,0
0,0.10947572700177417,0
0,0.07277513605393075,0
0,0.9627890689821686,1
0,0.10438493880244223,0
0,0.11597136184019066,0
0,0.12023570826611557,0
0,0.26227839134367603,0
0,0.20616389753017464,0
0,0.14313642832873097,0
1,0.3819531093068604,1
0,0.12370357344588219,0
0,0.31441267722522076,0